# row	tp	sent_delta	recv_delta
1	b414796d-14fc-080e-9ce6-a7162e3e562b	1694	3959619
1	f1012467-de9d-09a9-8b49-62a43945c24b	725	3959458
1	95839ad0-b588-0b1d-8475-45fba6ae993c	570	2101122
1	fdab37dd-c35e-05bc-9e51-cd6b024e3eec	45	45
1	ac40965a-bc99-01e4-a2c9-c26b76db013b	37	45
1	2c4ae7a5-de55-0e09-bd14-7febf7d9f972	140	4207
1	f92bb572-e2d4-0d53-b732-5342265bca62	10	141
1	50cdb857-a262-0ae5-bf5b-5c93c8025b69	180	175532
1	legs	49235:b414796d 49236:f1012467 49238:95839ad0 49239:fdab37dd 49240:ac40965a 49241:2c4ae7a5 49242:f92bb572 49243:50cdb857	-
2	b414796d-14fc-080e-9ce6-a7162e3e562b	6445	6452042
2	f1012467-de9d-09a9-8b49-62a43945c24b	1076	3959410
2	95839ad0-b588-0b1d-8475-45fba6ae993c	37	37
2	fdab37dd-c35e-05bc-9e51-cd6b024e3eec	69	69
2	ac40965a-bc99-01e4-a2c9-c26b76db013b	45	45
2	2c4ae7a5-de55-0e09-bd14-7febf7d9f972	37	37
2	f92bb572-e2d4-0d53-b732-5342265bca62	37	42
2	50cdb857-a262-0ae5-bf5b-5c93c8025b69	69	69
2	legs	49235:b414796d 49236:f1012467 49238:95839ad0 49239:fdab37dd 49240:ac40965a 49241:2c4ae7a5 49242:f92bb572 49243:50cdb857	-
3	b414796d-14fc-080e-9ce6-a7162e3e562b	8396892	4696
3	f1012467-de9d-09a9-8b49-62a43945c24b	1614459	3371
3	95839ad0-b588-0b1d-8475-45fba6ae993c	74	74
3	fdab37dd-c35e-05bc-9e51-cd6b024e3eec	74	74
3	ac40965a-bc99-01e4-a2c9-c26b76db013b	42	74
3	2c4ae7a5-de55-0e09-bd14-7febf7d9f972	69	69
3	f92bb572-e2d4-0d53-b732-5342265bca62	37	37
3	50cdb857-a262-0ae5-bf5b-5c93c8025b69	37	37
3	legs	49235:b414796d 49236:f1012467 49238:95839ad0 49239:fdab37dd 49240:ac40965a 49241:2c4ae7a5 49242:f92bb572 49243:50cdb857	-
4	b414796d-14fc-080e-9ce6-a7162e3e562b	10013578	5673
4	f1012467-de9d-09a9-8b49-62a43945c24b	172	222
4	95839ad0-b588-0b1d-8475-45fba6ae993c	37	37
4	fdab37dd-c35e-05bc-9e51-cd6b024e3eec	69	69
4	ac40965a-bc99-01e4-a2c9-c26b76db013b	37	37
4	2c4ae7a5-de55-0e09-bd14-7febf7d9f972	37	37
4	f92bb572-e2d4-0d53-b732-5342265bca62	69	37
4	50cdb857-a262-0ae5-bf5b-5c93c8025b69	101	53
4	legs	49235:b414796d 49236:f1012467 49238:95839ad0 49239:fdab37dd 49240:ac40965a 49241:2c4ae7a5 49242:f92bb572 49243:50cdb857	-
5	b414796d-14fc-080e-9ce6-a7162e3e562b	8150	32443928
5	f1012467-de9d-09a9-8b49-62a43945c24b	1794	16474551
5	95839ad0-b588-0b1d-8475-45fba6ae993c	599	2576364
5	fdab37dd-c35e-05bc-9e51-cd6b024e3eec	177	161461
5	ac40965a-bc99-01e4-a2c9-c26b76db013b	177	187222
5	2c4ae7a5-de55-0e09-bd14-7febf7d9f972	177	196970
5	f92bb572-e2d4-0d53-b732-5342265bca62	170	138
5	50cdb857-a262-0ae5-bf5b-5c93c8025b69	217	176068
5	legs	49235:b414796d 49236:f1012467 49238:95839ad0 49239:fdab37dd 49240:ac40965a 49241:2c4ae7a5 49242:f92bb572 49243:50cdb857	-
6	b414796d-14fc-080e-9ce6-a7162e3e562b	17778	25998457
6	f1012467-de9d-09a9-8b49-62a43945c24b	5592	28129146
6	95839ad0-b588-0b1d-8475-45fba6ae993c	254	475313
6	fdab37dd-c35e-05bc-9e51-cd6b024e3eec	214	160991
6	ac40965a-bc99-01e4-a2c9-c26b76db013b	246	186603
6	2c4ae7a5-de55-0e09-bd14-7febf7d9f972	259	197558
6	f92bb572-e2d4-0d53-b732-5342265bca62	180	180
6	50cdb857-a262-0ae5-bf5b-5c93c8025b69	219	175730
6	legs	49235:b414796d 49236:f1012467 49238:95839ad0 49239:fdab37dd 49240:ac40965a 49241:2c4ae7a5 49242:f92bb572 49243:50cdb857	-
7	b414796d-14fc-080e-9ce6-a7162e3e562b	24857354	9285
7	f1012467-de9d-09a9-8b49-62a43945c24b	25181345	3502
7	95839ad0-b588-0b1d-8475-45fba6ae993c	222	272
7	fdab37dd-c35e-05bc-9e51-cd6b024e3eec	82	82
7	ac40965a-bc99-01e4-a2c9-c26b76db013b	82	82
7	2c4ae7a5-de55-0e09-bd14-7febf7d9f972	114	114
7	f92bb572-e2d4-0d53-b732-5342265bca62	92	178
7	50cdb857-a262-0ae5-bf5b-5c93c8025b69	90	90
7	legs	49235:b414796d 49236:f1012467 49238:95839ad0 49239:fdab37dd 49240:ac40965a 49241:2c4ae7a5 49242:f92bb572 49243:50cdb857	-
8	b414796d-14fc-080e-9ce6-a7162e3e562b	25194885	12029
8	f1012467-de9d-09a9-8b49-62a43945c24b	24849639	4211
8	95839ad0-b588-0b1d-8475-45fba6ae993c	37	37
8	fdab37dd-c35e-05bc-9e51-cd6b024e3eec	138	138
8	ac40965a-bc99-01e4-a2c9-c26b76db013b	138	122
8	2c4ae7a5-de55-0e09-bd14-7febf7d9f972	106	106
8	f92bb572-e2d4-0d53-b732-5342265bca62	106	106
8	50cdb857-a262-0ae5-bf5b-5c93c8025b69	138	138
8	legs	49235:b414796d 49236:f1012467 49238:95839ad0 49239:fdab37dd 49240:ac40965a 49241:2c4ae7a5 49242:f92bb572 49243:50cdb857	-
