1	[{"rg":49171,"recovery":{"write_seq":36,"retx_held":0,"retx_min_seq":0,"retx_max_seq":0,"retx_sent":1,"retx_skipped_missing":0,"retx_req_sack":0,"retx_req_hol":0,"retx_req_flush":0,"retx_send_errors":0,"send_window_waits":0,"send_window_timeouts":0,"tlp_probes":1,"sacks_recv":17,"last_sack_recv_ms_ago":1003.503755,"last_sack_recv_contig":35,"reorder_next_seq":681,"reorder_pending":0,"reorder_drops":0,"gap_age_ms":0,"sacks_sent":85,"sack_send_errors":0,"last_sack_sent_ms_ago":1015.523708,"wedge_ticks":0,"wedges":0,"longest_wedge_ms":0}}]
2	[{"rg":49171,"recovery":{"write_seq":44,"retx_held":0,"retx_min_seq":0,"retx_max_seq":0,"retx_sent":2,"retx_skipped_missing":0,"retx_req_sack":0,"retx_req_hol":0,"retx_req_flush":0,"retx_send_errors":0,"send_window_waits":0,"send_window_timeouts":0,"tlp_probes":2,"sacks_recv":22,"last_sack_recv_ms_ago":991.846304,"last_sack_recv_contig":43,"reorder_next_seq":1302,"reorder_pending":0,"reorder_drops":0,"gap_age_ms":0,"sacks_sent":147,"sack_send_errors":0,"last_sack_sent_ms_ago":1001.255225,"wedge_ticks":0,"wedges":0,"longest_wedge_ms":0}}]
3	[{"rg":49171,"recovery":{"write_seq":53,"retx_held":0,"retx_min_seq":0,"retx_max_seq":0,"retx_sent":3,"retx_skipped_missing":0,"retx_req_sack":0,"retx_req_hol":0,"retx_req_flush":0,"retx_send_errors":0,"send_window_waits":0,"send_window_timeouts":0,"tlp_probes":3,"sacks_recv":27,"last_sack_recv_ms_ago":948.525781,"last_sack_recv_contig":52,"reorder_next_seq":1924,"reorder_pending":0,"reorder_drops":0,"gap_age_ms":0,"sacks_sent":196,"sack_send_errors":0,"last_sack_sent_ms_ago":951.827097,"wedge_ticks":0,"wedges":0,"longest_wedge_ms":0}}]
4	[{"rg":49171,"recovery":{"write_seq":691,"retx_held":1,"retx_min_seq":690,"retx_max_seq":690,"retx_sent":3,"retx_skipped_missing":0,"retx_req_sack":0,"retx_req_hol":0,"retx_req_flush":0,"retx_send_errors":0,"send_window_waits":0,"send_window_timeouts":0,"tlp_probes":3,"sacks_recv":49,"last_sack_recv_ms_ago":958.167292,"last_sack_recv_contig":689,"reorder_next_seq":1937,"reorder_pending":0,"reorder_drops":0,"gap_age_ms":0,"sacks_sent":202,"sack_send_errors":0,"last_sack_sent_ms_ago":958.582411,"wedge_ticks":0,"wedges":0,"longest_wedge_ms":0}}]
5	[{"rg":49171,"recovery":{"write_seq":1311,"retx_held":0,"retx_min_seq":0,"retx_max_seq":0,"retx_sent":3,"retx_skipped_missing":0,"retx_req_sack":0,"retx_req_hol":0,"retx_req_flush":0,"retx_send_errors":0,"send_window_waits":0,"send_window_timeouts":0,"tlp_probes":3,"sacks_recv":68,"last_sack_recv_ms_ago":190.339422,"last_sack_recv_contig":1310,"reorder_next_seq":1950,"reorder_pending":0,"reorder_drops":0,"gap_age_ms":0,"sacks_sent":209,"sack_send_errors":0,"last_sack_sent_ms_ago":196.14864,"wedge_ticks":0,"wedges":0,"longest_wedge_ms":0}}]
6	[{"rg":49171,"recovery":{"write_seq":1930,"retx_held":0,"retx_min_seq":0,"retx_max_seq":0,"retx_sent":3,"retx_skipped_missing":0,"retx_req_sack":0,"retx_req_hol":0,"retx_req_flush":0,"retx_send_errors":0,"send_window_waits":0,"send_window_timeouts":0,"tlp_probes":3,"sacks_recv":87,"last_sack_recv_ms_ago":755.328746,"last_sack_recv_contig":1929,"reorder_next_seq":1962,"reorder_pending":0,"reorder_drops":0,"gap_age_ms":0,"sacks_sent":215,"sack_send_errors":0,"last_sack_sent_ms_ago":759.326494,"wedge_ticks":0,"wedges":0,"longest_wedge_ms":0}}]
7	[{"rg":49171,"recovery":{"write_seq":1944,"retx_held":0,"retx_min_seq":0,"retx_max_seq":0,"retx_sent":5,"retx_skipped_missing":0,"retx_req_sack":0,"retx_req_hol":0,"retx_req_flush":0,"retx_send_errors":0,"send_window_waits":0,"send_window_timeouts":0,"tlp_probes":5,"sacks_recv":97,"last_sack_recv_ms_ago":1292.21346,"last_sack_recv_contig":1943,"reorder_next_seq":5027,"reorder_pending":0,"reorder_drops":0,"gap_age_ms":0,"sacks_sent":294,"sack_send_errors":0,"last_sack_sent_ms_ago":1296.687917,"wedge_ticks":0,"wedges":0,"longest_wedge_ms":0}}]
8	[{"rg":49171,"recovery":{"write_seq":1960,"retx_held":0,"retx_min_seq":0,"retx_max_seq":0,"retx_sent":8,"retx_skipped_missing":0,"retx_req_sack":0,"retx_req_hol":0,"retx_req_flush":0,"retx_send_errors":0,"send_window_waits":0,"send_window_timeouts":0,"tlp_probes":8,"sacks_recv":109,"last_sack_recv_ms_ago":1046.010084,"last_sack_recv_contig":1959,"reorder_next_seq":8094,"reorder_pending":0,"reorder_drops":0,"gap_age_ms":0,"sacks_sent":411,"sack_send_errors":0,"last_sack_sent_ms_ago":1068.798586,"wedge_ticks":0,"wedges":0,"longest_wedge_ms":0}}]
9	[{"rg":49171,"recovery":{"write_seq":1975,"retx_held":0,"retx_min_seq":0,"retx_max_seq":0,"retx_sent":11,"retx_skipped_missing":0,"retx_req_sack":0,"retx_req_hol":0,"retx_req_flush":0,"retx_send_errors":0,"send_window_waits":0,"send_window_timeouts":0,"tlp_probes":11,"sacks_recv":120,"last_sack_recv_ms_ago":1113.92608,"last_sack_recv_contig":1974,"reorder_next_seq":11162,"reorder_pending":0,"reorder_drops":0,"gap_age_ms":0,"sacks_sent":553,"sack_send_errors":0,"last_sack_sent_ms_ago":1099.093037,"wedge_ticks":0,"wedges":0,"longest_wedge_ms":0}}]
10	[{"rg":49171,"recovery":{"write_seq":5038,"retx_held":0,"retx_min_seq":0,"retx_max_seq":0,"retx_sent":11,"retx_skipped_missing":0,"retx_req_sack":0,"retx_req_hol":0,"retx_req_flush":0,"retx_send_errors":0,"send_window_waits":0,"send_window_timeouts":0,"tlp_probes":11,"sacks_recv":172,"last_sack_recv_ms_ago":873.430325,"last_sack_recv_contig":5037,"reorder_next_seq":11180,"reorder_pending":0,"reorder_drops":0,"gap_age_ms":0,"sacks_sent":563,"sack_send_errors":0,"last_sack_sent_ms_ago":873.572259,"wedge_ticks":0,"wedges":0,"longest_wedge_ms":0}}]
11	[{"rg":49171,"recovery":{"write_seq":8101,"retx_held":0,"retx_min_seq":0,"retx_max_seq":0,"retx_sent":11,"retx_skipped_missing":0,"retx_req_sack":0,"retx_req_hol":0,"retx_req_flush":0,"retx_send_errors":0,"send_window_waits":0,"send_window_timeouts":0,"tlp_probes":11,"sacks_recv":221,"last_sack_recv_ms_ago":955.099446,"last_sack_recv_contig":8100,"reorder_next_seq":11198,"reorder_pending":0,"reorder_drops":0,"gap_age_ms":0,"sacks_sent":573,"sack_send_errors":0,"last_sack_sent_ms_ago":955.427154,"wedge_ticks":0,"wedges":0,"longest_wedge_ms":0}}]
12	[{"rg":49171,"recovery":{"write_seq":11163,"retx_held":0,"retx_min_seq":0,"retx_max_seq":0,"retx_sent":11,"retx_skipped_missing":0,"retx_req_sack":0,"retx_req_hol":0,"retx_req_flush":0,"retx_send_errors":0,"send_window_waits":0,"send_window_timeouts":0,"tlp_probes":11,"sacks_recv":273,"last_sack_recv_ms_ago":951.574444,"last_sack_recv_contig":11162,"reorder_next_seq":11215,"reorder_pending":0,"reorder_drops":0,"gap_age_ms":0,"sacks_sent":582,"sack_send_errors":0,"last_sack_sent_ms_ago":871.476067,"wedge_ticks":0,"wedges":0,"longest_wedge_ms":0}}]
# exit	[{"rg":49171,"recovery":{"write_seq":11215,"retx_held":0,"retx_min_seq":0,"retx_max_seq":0,"retx_sent":214,"retx_skipped_missing":0,"retx_req_sack":97,"retx_req_hol":113,"retx_req_flush":0,"retx_send_errors":0,"send_window_waits":31,"send_window_timeouts":3,"tlp_probes":7,"sacks_recv":582,"last_sack_recv_ms_ago":2939.838029,"last_sack_recv_contig":11214,"reorder_next_seq":11163,"reorder_pending":0,"reorder_drops":0,"gap_age_ms":0,"sacks_sent":273,"sack_send_errors":0,"last_sack_sent_ms_ago":3166.050373,"wedge_ticks":0,"wedges":0,"longest_wedge_ms":0},"legs":[{"tp":"7420f415","standby":false,"retransmits":7,"dup_bytes":260,"ack_delay_ms":577.916463701247},{"tp":"dc5330cf","standby":true,"retransmits":207,"dup_bytes":282,"ack_delay_ms":0}]}]
