1	[{"rg":3,"recovery":{"write_seq":42,"retx_held":1,"retx_min_seq":41,"retx_max_seq":41,"retx_sent":4,"retx_skipped_missing":0,"retx_send_errors":0,"tlp_probes":4,"sacks_recv":18,"last_sack_recv_ms_ago":145.933863,"last_sack_recv_contig":40,"reorder_next_seq":674,"reorder_pending":0,"gap_age_ms":0,"sacks_sent":39,"sack_send_errors":0,"last_sack_sent_ms_ago":154.981894,"wedge_ticks":0,"wedges":0,"longest_wedge_ms":0}}]
2	[{"rg":3,"recovery":{"write_seq":51,"retx_held":0,"retx_min_seq":0,"retx_max_seq":0,"retx_sent":5,"retx_skipped_missing":0,"retx_send_errors":0,"tlp_probes":5,"sacks_recv":24,"last_sack_recv_ms_ago":187.891086,"last_sack_recv_contig":50,"reorder_next_seq":1297,"reorder_pending":0,"gap_age_ms":0,"sacks_sent":56,"sack_send_errors":0,"last_sack_sent_ms_ago":186.732967,"wedge_ticks":0,"wedges":0,"longest_wedge_ms":0}}]
3	[{"rg":3,"recovery":{"write_seq":60,"retx_held":0,"retx_min_seq":0,"retx_max_seq":0,"retx_sent":6,"retx_skipped_missing":0,"retx_send_errors":0,"tlp_probes":6,"sacks_recv":29,"last_sack_recv_ms_ago":191.544003,"last_sack_recv_contig":59,"reorder_next_seq":1917,"reorder_pending":0,"gap_age_ms":0,"sacks_sent":70,"sack_send_errors":0,"last_sack_sent_ms_ago":197.18103,"wedge_ticks":0,"wedges":0,"longest_wedge_ms":0}}]
4	[{"rg":3,"recovery":{"write_seq":69,"retx_held":0,"retx_min_seq":0,"retx_max_seq":0,"retx_sent":8,"retx_skipped_missing":0,"retx_send_errors":0,"tlp_probes":8,"sacks_recv":34,"last_sack_recv_ms_ago":187.545721,"last_sack_recv_contig":68,"reorder_next_seq":2537,"reorder_pending":0,"gap_age_ms":0,"sacks_sent":89,"sack_send_errors":0,"last_sack_sent_ms_ago":193.244756,"wedge_ticks":0,"wedges":0,"longest_wedge_ms":0}}]
5	[{"rg":3,"recovery":{"write_seq":79,"retx_held":0,"retx_min_seq":0,"retx_max_seq":0,"retx_sent":10,"retx_skipped_missing":0,"retx_send_errors":0,"tlp_probes":10,"sacks_recv":40,"last_sack_recv_ms_ago":177.693574,"last_sack_recv_contig":78,"reorder_next_seq":3162,"reorder_pending":0,"gap_age_ms":0,"sacks_sent":106,"sack_send_errors":0,"last_sack_sent_ms_ago":178.315878,"wedge_ticks":0,"wedges":0,"longest_wedge_ms":0}}]
6	[{"rg":3,"recovery":{"write_seq":717,"retx_held":0,"retx_min_seq":0,"retx_max_seq":0,"retx_sent":11,"retx_skipped_missing":0,"retx_send_errors":0,"tlp_probes":11,"sacks_recv":68,"last_sack_recv_ms_ago":201.353726,"last_sack_recv_contig":716,"reorder_next_seq":3173,"reorder_pending":0,"gap_age_ms":0,"sacks_sent":112,"sack_send_errors":0,"last_sack_sent_ms_ago":200.20491,"wedge_ticks":0,"wedges":0,"longest_wedge_ms":0}}]
7	[{"rg":3,"recovery":{"write_seq":1383,"retx_held":0,"retx_min_seq":0,"retx_max_seq":0,"retx_sent":11,"retx_skipped_missing":0,"retx_send_errors":0,"tlp_probes":11,"sacks_recv":81,"last_sack_recv_ms_ago":749.052795,"last_sack_recv_contig":1382,"reorder_next_seq":3184,"reorder_pending":0,"gap_age_ms":0,"sacks_sent":118,"sack_send_errors":0,"last_sack_sent_ms_ago":748.940661,"wedge_ticks":0,"wedges":0,"longest_wedge_ms":0}}]
8	[{"rg":3,"recovery":{"write_seq":2018,"retx_held":0,"retx_min_seq":0,"retx_max_seq":0,"retx_sent":14,"retx_skipped_missing":0,"retx_send_errors":0,"tlp_probes":14,"sacks_recv":99,"last_sack_recv_ms_ago":906.835888,"last_sack_recv_contig":2017,"reorder_next_seq":3196,"reorder_pending":0,"gap_age_ms":0,"sacks_sent":124,"sack_send_errors":0,"last_sack_sent_ms_ago":904.18544,"wedge_ticks":0,"wedges":0,"longest_wedge_ms":0}}]
9	[{"rg":3,"recovery":{"write_seq":2638,"retx_held":0,"retx_min_seq":0,"retx_max_seq":0,"retx_sent":15,"retx_skipped_missing":0,"retx_send_errors":0,"tlp_probes":15,"sacks_recv":115,"last_sack_recv_ms_ago":815.170563,"last_sack_recv_contig":2637,"reorder_next_seq":3207,"reorder_pending":0,"gap_age_ms":0,"sacks_sent":130,"sack_send_errors":0,"last_sack_sent_ms_ago":811.878199,"wedge_ticks":0,"wedges":0,"longest_wedge_ms":0}}]
10	[{"rg":3,"recovery":{"write_seq":3280,"retx_held":0,"retx_min_seq":0,"retx_max_seq":0,"retx_sent":15,"retx_skipped_missing":0,"retx_send_errors":0,"tlp_probes":15,"sacks_recv":130,"last_sack_recv_ms_ago":902.662176,"last_sack_recv_contig":3279,"reorder_next_seq":3218,"reorder_pending":0,"gap_age_ms":0,"sacks_sent":136,"sack_send_errors":0,"last_sack_sent_ms_ago":895.012521,"wedge_ticks":0,"wedges":0,"longest_wedge_ms":0}}]
11	[{"rg":3,"recovery":{"write_seq":3295,"retx_held":0,"retx_min_seq":0,"retx_max_seq":0,"retx_sent":27,"retx_skipped_missing":0,"retx_send_errors":0,"tlp_probes":27,"sacks_recv":141,"last_sack_recv_ms_ago":373.537742,"last_sack_recv_contig":3294,"reorder_next_seq":6284,"reorder_pending":0,"gap_age_ms":0,"sacks_sent":337,"sack_send_errors":0,"last_sack_sent_ms_ago":368.209459,"wedge_ticks":0,"wedges":0,"longest_wedge_ms":0}}]
12	[{"rg":3,"recovery":{"write_seq":3310,"retx_held":0,"retx_min_seq":0,"retx_max_seq":0,"retx_sent":39,"retx_skipped_missing":0,"retx_send_errors":0,"tlp_probes":39,"sacks_recv":151,"last_sack_recv_ms_ago":330.952799,"last_sack_recv_contig":3309,"reorder_next_seq":9348,"reorder_pending":0,"gap_age_ms":0,"sacks_sent":510,"sack_send_errors":0,"last_sack_sent_ms_ago":328.683909,"wedge_ticks":0,"wedges":0,"longest_wedge_ms":0}}]
13	[{"rg":3,"recovery":{"write_seq":3325,"retx_held":0,"retx_min_seq":0,"retx_max_seq":0,"retx_sent":51,"retx_skipped_missing":0,"retx_send_errors":0,"tlp_probes":51,"sacks_recv":162,"last_sack_recv_ms_ago":363.350882,"last_sack_recv_contig":3324,"reorder_next_seq":12412,"reorder_pending":0,"gap_age_ms":0,"sacks_sent":727,"sack_send_errors":0,"last_sack_sent_ms_ago":362.135936,"wedge_ticks":0,"wedges":0,"longest_wedge_ms":0}}]
14	[{"rg":3,"recovery":{"write_seq":3340,"retx_held":0,"retx_min_seq":0,"retx_max_seq":0,"retx_sent":63,"retx_skipped_missing":0,"retx_send_errors":0,"tlp_probes":63,"sacks_recv":174,"last_sack_recv_ms_ago":320.402315,"last_sack_recv_contig":3339,"reorder_next_seq":15478,"reorder_pending":0,"gap_age_ms":0,"sacks_sent":913,"sack_send_errors":0,"last_sack_sent_ms_ago":319.159838,"wedge_ticks":0,"wedges":0,"longest_wedge_ms":0}}]
15	[{"rg":3,"recovery":{"write_seq":3354,"retx_held":0,"retx_min_seq":0,"retx_max_seq":0,"retx_sent":73,"retx_skipped_missing":0,"retx_send_errors":0,"tlp_probes":73,"sacks_recv":183,"last_sack_recv_ms_ago":308.110025,"last_sack_recv_contig":3353,"reorder_next_seq":18543,"reorder_pending":0,"gap_age_ms":0,"sacks_sent":1091,"sack_send_errors":0,"last_sack_sent_ms_ago":308.181602,"wedge_ticks":0,"wedges":0,"longest_wedge_ms":0}}]
16	[{"rg":3,"recovery":{"write_seq":6415,"retx_held":0,"retx_min_seq":0,"retx_max_seq":0,"retx_sent":74,"retx_skipped_missing":0,"retx_send_errors":0,"tlp_probes":74,"sacks_recv":242,"last_sack_recv_ms_ago":165.308209,"last_sack_recv_contig":6414,"reorder_next_seq":18559,"reorder_pending":0,"gap_age_ms":0,"sacks_sent":1102,"sack_send_errors":0,"last_sack_sent_ms_ago":166.718874,"wedge_ticks":0,"wedges":0,"longest_wedge_ms":0}}]
17	[{"rg":3,"recovery":{"write_seq":9475,"retx_held":0,"retx_min_seq":0,"retx_max_seq":0,"retx_sent":74,"retx_skipped_missing":0,"retx_send_errors":0,"tlp_probes":74,"sacks_recv":290,"last_sack_recv_ms_ago":179.908269,"last_sack_recv_contig":9474,"reorder_next_seq":18574,"reorder_pending":0,"gap_age_ms":0,"sacks_sent":1112,"sack_send_errors":0,"last_sack_sent_ms_ago":185.822818,"wedge_ticks":0,"wedges":0,"longest_wedge_ms":0}}]
18	[{"rg":3,"recovery":{"write_seq":12536,"retx_held":0,"retx_min_seq":0,"retx_max_seq":0,"retx_sent":76,"retx_skipped_missing":0,"retx_send_errors":0,"tlp_probes":76,"sacks_recv":350,"last_sack_recv_ms_ago":139.109746,"last_sack_recv_contig":12535,"reorder_next_seq":18590,"reorder_pending":0,"gap_age_ms":0,"sacks_sent":1123,"sack_send_errors":0,"last_sack_sent_ms_ago":140.737949,"wedge_ticks":0,"wedges":0,"longest_wedge_ms":0}}]
19	[{"rg":3,"recovery":{"write_seq":15597,"retx_held":0,"retx_min_seq":0,"retx_max_seq":0,"retx_sent":76,"retx_skipped_missing":0,"retx_send_errors":0,"tlp_probes":76,"sacks_recv":399,"last_sack_recv_ms_ago":143.097344,"last_sack_recv_contig":15596,"reorder_next_seq":18606,"reorder_pending":0,"gap_age_ms":0,"sacks_sent":1133,"sack_send_errors":0,"last_sack_sent_ms_ago":149.800343,"wedge_ticks":0,"wedges":0,"longest_wedge_ms":0}}]
20	[{"rg":3,"recovery":{"write_seq":18755,"retx_held":0,"retx_min_seq":0,"retx_max_seq":0,"retx_sent":76,"retx_skipped_missing":0,"retx_send_errors":0,"tlp_probes":76,"sacks_recv":446,"last_sack_recv_ms_ago":177.031278,"last_sack_recv_contig":18754,"reorder_next_seq":18621,"reorder_pending":0,"gap_age_ms":0,"sacks_sent":1143,"sack_send_errors":0,"last_sack_sent_ms_ago":175.863836,"wedge_ticks":0,"wedges":0,"longest_wedge_ms":0}}]
# exit	[]
