# row	exit_mux_route_groups
1	[{"rg":49167,"recovery":{"write_seq":684,"retx_held":0,"retx_min_seq":0,"retx_max_seq":0,"retx_sent":47,"retx_skipped_missing":0,"retx_req_sack":0,"retx_req_hol":47,"retx_req_flush":0,"retx_send_errors":0,"send_window_waits":17,"send_window_timeouts":3,"tlp_probes":0,"sacks_recv":91,"last_sack_recv_ms_ago":3685.894775,"last_sack_recv_contig":683,"reorder_next_seq":45,"reorder_pending":0,"gap_age_ms":0,"sacks_sent":20,"sack_send_errors":0,"last_sack_sent_ms_ago":3817.602277,"wedge_ticks":0,"wedges":0,"longest_wedge_ms":0},"legs":[{"tp":"7420f415","standby":false,"retransmits":47,"dup_bytes":0,"ack_delay_ms":1699.334423498523},{"tp":"dc5330cf","standby":false,"retransmits":0,"dup_bytes":94,"ack_delay_ms":560.5926204273542}]}]
2	[{"rg":49167,"recovery":{"write_seq":1304,"retx_held":0,"retx_min_seq":0,"retx_max_seq":0,"retx_sent":68,"retx_skipped_missing":0,"retx_req_sack":0,"retx_req_hol":68,"retx_req_flush":0,"retx_send_errors":0,"send_window_waits":39,"send_window_timeouts":4,"tlp_probes":0,"sacks_recv":148,"last_sack_recv_ms_ago":1953.242981,"last_sack_recv_contig":1303,"reorder_next_seq":56,"reorder_pending":0,"gap_age_ms":0,"sacks_sent":27,"sack_send_errors":0,"last_sack_sent_ms_ago":2089.880516,"wedge_ticks":0,"wedges":0,"longest_wedge_ms":0},"legs":[{"tp":"7420f415","standby":false,"retransmits":68,"dup_bytes":0,"ack_delay_ms":944.7236423151564},{"tp":"dc5330cf","standby":false,"retransmits":0,"dup_bytes":94,"ack_delay_ms":468.8053797282978}]}]
3	[{"rg":49167,"recovery":{"write_seq":1924,"retx_held":0,"retx_min_seq":0,"retx_max_seq":0,"retx_sent":241,"retx_skipped_missing":0,"retx_req_sack":134,"retx_req_hol":111,"retx_req_flush":0,"retx_send_errors":0,"send_window_waits":62,"send_window_timeouts":5,"tlp_probes":0,"sacks_recv":207,"last_sack_recv_ms_ago":2982.015927,"last_sack_recv_contig":1923,"reorder_next_seq":67,"reorder_pending":0,"gap_age_ms":0,"sacks_sent":33,"sack_send_errors":0,"last_sack_sent_ms_ago":3132.13108,"wedge_ticks":0,"wedges":0,"longest_wedge_ms":0},"legs":[{"tp":"7420f415","standby":false,"retransmits":80,"dup_bytes":0,"ack_delay_ms":1223.008786032551},{"tp":"dc5330cf","standby":false,"retransmits":161,"dup_bytes":94,"ack_delay_ms":537.042059599988}]}]
4	[{"rg":49167,"recovery":{"write_seq":2544,"retx_held":0,"retx_min_seq":0,"retx_max_seq":0,"retx_sent":241,"retx_skipped_missing":0,"retx_req_sack":134,"retx_req_hol":111,"retx_req_flush":0,"retx_send_errors":0,"send_window_waits":84,"send_window_timeouts":6,"tlp_probes":0,"sacks_recv":263,"last_sack_recv_ms_ago":212.383769,"last_sack_recv_contig":2543,"reorder_next_seq":78,"reorder_pending":0,"gap_age_ms":0,"sacks_sent":40,"sack_send_errors":0,"last_sack_sent_ms_ago":347.945582,"wedge_ticks":0,"wedges":0,"longest_wedge_ms":0},"legs":[{"tp":"7420f415","standby":false,"retransmits":80,"dup_bytes":0,"ack_delay_ms":972.5825544072685},{"tp":"dc5330cf","standby":false,"retransmits":161,"dup_bytes":94,"ack_delay_ms":419.0565948271528}]}]
5	[{"rg":49167,"recovery":{"write_seq":3164,"retx_held":0,"retx_min_seq":0,"retx_max_seq":0,"retx_sent":265,"retx_skipped_missing":0,"retx_req_sack":138,"retx_req_hol":131,"retx_req_flush":0,"retx_send_errors":0,"send_window_waits":89,"send_window_timeouts":8,"tlp_probes":0,"sacks_recv":321,"last_sack_recv_ms_ago":440.710235,"last_sack_recv_contig":3163,"reorder_next_seq":89,"reorder_pending":0,"gap_age_ms":0,"sacks_sent":46,"sack_send_errors":0,"last_sack_sent_ms_ago":582.33545,"wedge_ticks":0,"wedges":0,"longest_wedge_ms":0},"legs":[{"tp":"7420f415","standby":false,"retransmits":80,"dup_bytes":0,"ack_delay_ms":1146.551824878234},{"tp":"dc5330cf","standby":false,"retransmits":185,"dup_bytes":94,"ack_delay_ms":1019.938671750199}]}]
6	[{"rg":49167,"recovery":{"write_seq":3176,"retx_held":0,"retx_min_seq":0,"retx_max_seq":0,"retx_sent":265,"retx_skipped_missing":0,"retx_req_sack":138,"retx_req_hol":131,"retx_req_flush":0,"retx_send_errors":0,"send_window_waits":89,"send_window_timeouts":8,"tlp_probes":0,"sacks_recv":328,"last_sack_recv_ms_ago":3095.047453,"last_sack_recv_contig":3175,"reorder_next_seq":712,"reorder_pending":0,"gap_age_ms":0,"sacks_sent":71,"sack_send_errors":0,"last_sack_sent_ms_ago":3243.319247,"wedge_ticks":0,"wedges":0,"longest_wedge_ms":0},"legs":[{"tp":"7420f415","standby":false,"retransmits":80,"dup_bytes":0,"ack_delay_ms":776.4958365998565},{"tp":"dc5330cf","standby":false,"retransmits":185,"dup_bytes":94,"ack_delay_ms":825.999790277496}]}]
7	[{"rg":49167,"recovery":{"write_seq":3188,"retx_held":0,"retx_min_seq":0,"retx_max_seq":0,"retx_sent":265,"retx_skipped_missing":0,"retx_req_sack":138,"retx_req_hol":131,"retx_req_flush":0,"retx_send_errors":0,"send_window_waits":89,"send_window_timeouts":8,"tlp_probes":0,"sacks_recv":335,"last_sack_recv_ms_ago":1761.85202,"last_sack_recv_contig":3187,"reorder_next_seq":1351,"reorder_pending":0,"gap_age_ms":0,"sacks_sent":94,"sack_send_errors":0,"last_sack_sent_ms_ago":1910.461095,"wedge_ticks":0,"wedges":0,"longest_wedge_ms":0},"legs":[{"tp":"7420f415","standby":false,"retransmits":80,"dup_bytes":0,"ack_delay_ms":272.94728325920494},{"tp":"dc5330cf","standby":false,"retransmits":185,"dup_bytes":157790,"ack_delay_ms":0}]}]
8	[{"rg":49167,"recovery":{"write_seq":3201,"retx_held":0,"retx_min_seq":0,"retx_max_seq":0,"retx_sent":265,"retx_skipped_missing":0,"retx_req_sack":138,"retx_req_hol":131,"retx_req_flush":0,"retx_send_errors":0,"send_window_waits":89,"send_window_timeouts":8,"tlp_probes":0,"sacks_recv":340,"last_sack_recv_ms_ago":1681.453895,"last_sack_recv_contig":3200,"reorder_next_seq":1975,"reorder_pending":0,"gap_age_ms":0,"sacks_sent":122,"sack_send_errors":0,"last_sack_sent_ms_ago":1835.984991,"wedge_ticks":0,"wedges":0,"longest_wedge_ms":0},"legs":[{"tp":"7420f415","standby":false,"retransmits":80,"dup_bytes":0,"ack_delay_ms":359.6406313703231},{"tp":"dc5330cf","standby":false,"retransmits":185,"dup_bytes":8611880,"ack_delay_ms":0}]}]
9	[{"rg":49167,"recovery":{"write_seq":3213,"retx_held":0,"retx_min_seq":0,"retx_max_seq":0,"retx_sent":267,"retx_skipped_missing":0,"retx_req_sack":138,"retx_req_hol":131,"retx_req_flush":0,"retx_send_errors":0,"send_window_waits":89,"send_window_timeouts":8,"tlp_probes":2,"sacks_recv":346,"last_sack_recv_ms_ago":1824.292411,"last_sack_recv_contig":3212,"reorder_next_seq":2596,"reorder_pending":0,"gap_age_ms":0,"sacks_sent":153,"sack_send_errors":0,"last_sack_sent_ms_ago":1974.684789,"wedge_ticks":0,"wedges":0,"longest_wedge_ms":0},"legs":[{"tp":"7420f415","standby":false,"retransmits":81,"dup_bytes":0,"ack_delay_ms":750.0133821990777},{"tp":"dc5330cf","standby":false,"retransmits":186,"dup_bytes":8742952,"ack_delay_ms":0}]}]
10	[{"rg":49167,"recovery":{"write_seq":3227,"retx_held":0,"retx_min_seq":0,"retx_max_seq":0,"retx_sent":267,"retx_skipped_missing":0,"retx_req_sack":138,"retx_req_hol":131,"retx_req_flush":0,"retx_send_errors":0,"send_window_waits":89,"send_window_timeouts":8,"tlp_probes":2,"sacks_recv":354,"last_sack_recv_ms_ago":181.55384,"last_sack_recv_contig":3226,"reorder_next_seq":3219,"reorder_pending":0,"gap_age_ms":0,"sacks_sent":200,"sack_send_errors":0,"last_sack_sent_ms_ago":346.527666,"wedge_ticks":0,"wedges":0,"longest_wedge_ms":0},"legs":[{"tp":"7420f415","standby":false,"retransmits":81,"dup_bytes":0,"ack_delay_ms":353.300342646412},{"tp":"dc5330cf","standby":false,"retransmits":186,"dup_bytes":16891672,"ack_delay_ms":0}]}]
11	[{"rg":49167,"recovery":{"write_seq":6291,"retx_held":1,"retx_min_seq":6290,"retx_max_seq":6290,"retx_sent":486,"retx_skipped_missing":0,"retx_req_sack":300,"retx_req_hol":192,"retx_req_flush":0,"retx_send_errors":0,"send_window_waits":93,"send_window_timeouts":8,"tlp_probes":3,"sacks_recv":469,"last_sack_recv_ms_ago":1798.013092,"last_sack_recv_contig":6289,"reorder_next_seq":3234,"reorder_pending":0,"gap_age_ms":0,"sacks_sent":212,"sack_send_errors":0,"last_sack_sent_ms_ago":1942.060833,"wedge_ticks":0,"wedges":0,"longest_wedge_ms":0},"legs":[{"tp":"7420f415","standby":false,"retransmits":300,"dup_bytes":0,"ack_delay_ms":1180.5518737899627},{"tp":"dc5330cf","standby":false,"retransmits":186,"dup_bytes":16891684,"ack_delay_ms":1105.6541293809703}]}]
12	[{"rg":49167,"recovery":{"write_seq":9355,"retx_held":0,"retx_min_seq":0,"retx_max_seq":0,"retx_sent":552,"retx_skipped_missing":0,"retx_req_sack":326,"retx_req_hol":237,"retx_req_flush":0,"retx_send_errors":0,"send_window_waits":95,"send_window_timeouts":9,"tlp_probes":3,"sacks_recv":602,"last_sack_recv_ms_ago":1728.74239,"last_sack_recv_contig":9354,"reorder_next_seq":3249,"reorder_pending":0,"gap_age_ms":0,"sacks_sent":223,"sack_send_errors":0,"last_sack_sent_ms_ago":1874.039192,"wedge_ticks":0,"wedges":0,"longest_wedge_ms":0},"legs":[{"tp":"7420f415","standby":false,"retransmits":322,"dup_bytes":0,"ack_delay_ms":1226.7480735658646},{"tp":"dc5330cf","standby":false,"retransmits":230,"dup_bytes":16891684,"ack_delay_ms":659.9867901234761}]}]
13	[{"rg":49167,"recovery":{"write_seq":12425,"retx_held":0,"retx_min_seq":0,"retx_max_seq":0,"retx_sent":751,"retx_skipped_missing":0,"retx_req_sack":472,"retx_req_hol":305,"retx_req_flush":0,"retx_send_errors":0,"send_window_waits":116,"send_window_timeouts":12,"tlp_probes":3,"sacks_recv":765,"last_sack_recv_ms_ago":1909.881198,"last_sack_recv_contig":12424,"reorder_next_seq":3264,"reorder_pending":0,"gap_age_ms":0,"sacks_sent":232,"sack_send_errors":0,"last_sack_sent_ms_ago":2059.753807,"wedge_ticks":0,"wedges":0,"longest_wedge_ms":0},"legs":[{"tp":"7420f415","standby":false,"retransmits":322,"dup_bytes":0,"ack_delay_ms":975.1165252564172},{"tp":"dc5330cf","standby":false,"retransmits":429,"dup_bytes":16891684,"ack_delay_ms":1218.7096269357023}]}]
14	[{"rg":49167,"recovery":{"write_seq":15492,"retx_held":0,"retx_min_seq":0,"retx_max_seq":0,"retx_sent":1091,"retx_skipped_missing":0,"retx_req_sack":743,"retx_req_hol":384,"retx_req_flush":0,"retx_send_errors":0,"send_window_waits":137,"send_window_timeouts":14,"tlp_probes":3,"sacks_recv":944,"last_sack_recv_ms_ago":1766.819951,"last_sack_recv_contig":15491,"reorder_next_seq":3280,"reorder_pending":0,"gap_age_ms":0,"sacks_sent":243,"sack_send_errors":0,"last_sack_sent_ms_ago":2006.676095,"wedge_ticks":0,"wedges":0,"longest_wedge_ms":0},"legs":[{"tp":"7420f415","standby":false,"retransmits":322,"dup_bytes":0,"ack_delay_ms":686.8682577931629},{"tp":"dc5330cf","standby":false,"retransmits":769,"dup_bytes":16891684,"ack_delay_ms":1293.4426550339736}]}]
15	[{"rg":49167,"recovery":{"write_seq":18559,"retx_held":0,"retx_min_seq":0,"retx_max_seq":0,"retx_sent":1194,"retx_skipped_missing":0,"retx_req_sack":791,"retx_req_hol":445,"retx_req_flush":0,"retx_send_errors":0,"send_window_waits":155,"send_window_timeouts":15,"tlp_probes":3,"sacks_recv":1082,"last_sack_recv_ms_ago":1763.219365,"last_sack_recv_contig":18558,"reorder_next_seq":3296,"reorder_pending":0,"gap_age_ms":0,"sacks_sent":254,"sack_send_errors":0,"last_sack_sent_ms_ago":1923.613013,"wedge_ticks":0,"wedges":0,"longest_wedge_ms":0},"legs":[{"tp":"7420f415","standby":false,"retransmits":322,"dup_bytes":0,"ack_delay_ms":361.5926739400076},{"tp":"dc5330cf","standby":false,"retransmits":872,"dup_bytes":16891684,"ack_delay_ms":1420.6532157942315}]}]
16	[{"rg":49167,"recovery":{"write_seq":18576,"retx_held":0,"retx_min_seq":0,"retx_max_seq":0,"retx_sent":1194,"retx_skipped_missing":0,"retx_req_sack":791,"retx_req_hol":445,"retx_req_flush":0,"retx_send_errors":0,"send_window_waits":155,"send_window_timeouts":15,"tlp_probes":3,"sacks_recv":1095,"last_sack_recv_ms_ago":1583.095321,"last_sack_recv_contig":18575,"reorder_next_seq":6360,"reorder_pending":0,"gap_age_ms":0,"sacks_sent":314,"sack_send_errors":0,"last_sack_sent_ms_ago":1732.21888,"wedge_ticks":0,"wedges":0,"longest_wedge_ms":0},"legs":[{"tp":"7420f415","standby":false,"retransmits":322,"dup_bytes":0,"ack_delay_ms":565.3308749456853},{"tp":"dc5330cf","standby":true,"retransmits":872,"dup_bytes":16891684,"ack_delay_ms":0}]}]
17	[{"rg":49167,"recovery":{"write_seq":18594,"retx_held":0,"retx_min_seq":0,"retx_max_seq":0,"retx_sent":1195,"retx_skipped_missing":0,"retx_req_sack":791,"retx_req_hol":445,"retx_req_flush":0,"retx_send_errors":0,"send_window_waits":155,"send_window_timeouts":15,"tlp_probes":4,"sacks_recv":1105,"last_sack_recv_ms_ago":1596.226921,"last_sack_recv_contig":18593,"reorder_next_seq":9425,"reorder_pending":0,"gap_age_ms":0,"sacks_sent":364,"sack_send_errors":0,"last_sack_sent_ms_ago":1749.510506,"wedge_ticks":0,"wedges":0,"longest_wedge_ms":0},"legs":[{"tp":"7420f415","standby":false,"retransmits":323,"dup_bytes":0,"ack_delay_ms":586.3342765876713},{"tp":"dc5330cf","standby":true,"retransmits":872,"dup_bytes":16891684,"ack_delay_ms":0}]}]
18	[{"rg":49167,"recovery":{"write_seq":18612,"retx_held":0,"retx_min_seq":0,"retx_max_seq":0,"retx_sent":1196,"retx_skipped_missing":0,"retx_req_sack":791,"retx_req_hol":445,"retx_req_flush":0,"retx_send_errors":0,"send_window_waits":155,"send_window_timeouts":15,"tlp_probes":5,"sacks_recv":1118,"last_sack_recv_ms_ago":1177.932212,"last_sack_recv_contig":18611,"reorder_next_seq":12490,"reorder_pending":0,"gap_age_ms":0,"sacks_sent":418,"sack_send_errors":0,"last_sack_sent_ms_ago":1329.638521,"wedge_ticks":0,"wedges":0,"longest_wedge_ms":0},"legs":[{"tp":"7420f415","standby":false,"retransmits":324,"dup_bytes":0,"ack_delay_ms":491.193791291805},{"tp":"dc5330cf","standby":true,"retransmits":872,"dup_bytes":16891684,"ack_delay_ms":0}]}]
19	[{"rg":49167,"recovery":{"write_seq":18629,"retx_held":0,"retx_min_seq":0,"retx_max_seq":0,"retx_sent":1197,"retx_skipped_missing":0,"retx_req_sack":791,"retx_req_hol":445,"retx_req_flush":0,"retx_send_errors":0,"send_window_waits":155,"send_window_timeouts":15,"tlp_probes":6,"sacks_recv":1130,"last_sack_recv_ms_ago":192.24282,"last_sack_recv_contig":18628,"reorder_next_seq":15650,"reorder_pending":0,"gap_age_ms":0,"sacks_sent":471,"sack_send_errors":0,"last_sack_sent_ms_ago":343.341742,"wedge_ticks":0,"wedges":0,"longest_wedge_ms":0},"legs":[{"tp":"7420f415","standby":false,"retransmits":325,"dup_bytes":0,"ack_delay_ms":527.5459203251908},{"tp":"dc5330cf","standby":true,"retransmits":872,"dup_bytes":16891684,"ack_delay_ms":0}]}]
20	[{"rg":49167,"recovery":{"write_seq":18646,"retx_held":0,"retx_min_seq":0,"retx_max_seq":0,"retx_sent":1198,"retx_skipped_missing":0,"retx_req_sack":791,"retx_req_hol":445,"retx_req_flush":0,"retx_send_errors":0,"send_window_waits":155,"send_window_timeouts":15,"tlp_probes":7,"sacks_recv":1141,"last_sack_recv_ms_ago":1411.954377,"last_sack_recv_contig":18645,"reorder_next_seq":18714,"reorder_pending":0,"gap_age_ms":0,"sacks_sent":523,"sack_send_errors":0,"last_sack_sent_ms_ago":1860.38861,"wedge_ticks":0,"wedges":0,"longest_wedge_ms":0},"legs":[{"tp":"7420f415","standby":false,"retransmits":326,"dup_bytes":0,"ack_delay_ms":569.9223650262456},{"tp":"dc5330cf","standby":true,"retransmits":872,"dup_bytes":16891684,"ack_delay_ms":0}]}]
