# transports mux-tunnels-2 was measured over; first_seen_row 0 = held at set start
# tp	type	remote_pk	first_seen_row
b414796d-14fc-080e-9ce6-a7162e3e562b	stcpr	022716fba0f9a5d46ae7b8a4412296847d63d96c763d49068e851e9be7542080b1	0
f1012467-de9d-09a9-8b49-62a43945c24b	stcpr	0281a102c82820e811368c8d028cf11b1a985043b726b1bcdb8fce89b27384b2cb	0
95839ad0-b588-0b1d-8475-45fba6ae993c	stcpr	0371ab4bcff7b121f4b91f6856d6740c6f9dc1fe716977850aeb5d84378b300a13	0
fdab37dd-c35e-05bc-9e51-cd6b024e3eec	stcpr	03f57e7cf26c0764c5ab659a606add056ddf8bfad4f5bc7e8613cad05e5f228adf	0
2c4ae7a5-de55-0e09-bd14-7febf7d9f972	stcpr	02a2d4c346dabd165fd555dfdba4a7f4d18786fe7e055e562397cd5102bdd7f8dd	0
f92bb572-e2d4-0d53-b732-5342265bca62	stcpr	02cd0b0508b685332bbfede328c4cc80bff5a9b9e0cb28eae28cba7826166bf8cd	0
83e88e2a-26e0-0882-bd25-0587730ea67a	stcpr	03d0c4a948f10e2c1b137196326dc173be12b6e6b386475cd6a71c58a9a67eb0fa	1
50cdb857-a262-0ae5-bf5b-5c93c8025b69	stcpr	0255117bf8d4687dacd5f7ac4c241f008060f1972911552a5b67b76f0e7922f5c7	2
