1	[{"rg":49166,"recovery":{"write_seq":144,"retx_held":0,"retx_min_seq":0,"retx_max_seq":0,"retx_sent":6,"retx_skipped_missing":0,"retx_req_sack":4,"retx_req_hol":2,"retx_req_flush":0,"retx_send_errors":0,"tlp_probes":2,"sacks_recv":31,"last_sack_recv_ms_ago":1787.845933,"last_sack_recv_contig":143,"reorder_next_seq":784,"reorder_pending":0,"gap_age_ms":0,"sacks_sent":94,"sack_send_errors":0,"last_sack_sent_ms_ago":1573.501785,"wedge_ticks":0,"wedges":0,"longest_wedge_ms":0}}]
2	[{"rg":49166,"recovery":{"write_seq":184,"retx_held":0,"retx_min_seq":0,"retx_max_seq":0,"retx_sent":7,"retx_skipped_missing":0,"retx_req_sack":4,"retx_req_hol":2,"retx_req_flush":0,"retx_send_errors":0,"tlp_probes":3,"sacks_recv":39,"last_sack_recv_ms_ago":3221.194406,"last_sack_recv_contig":183,"reorder_next_seq":1424,"reorder_pending":0,"gap_age_ms":0,"sacks_sent":168,"sack_send_errors":0,"last_sack_sent_ms_ago":3120.962592,"wedge_ticks":0,"wedges":0,"longest_wedge_ms":0}}]
3	[{"rg":49166,"recovery":{"write_seq":232,"retx_held":0,"retx_min_seq":0,"retx_max_seq":0,"retx_sent":8,"retx_skipped_missing":0,"retx_req_sack":4,"retx_req_hol":2,"retx_req_flush":0,"retx_send_errors":0,"tlp_probes":4,"sacks_recv":49,"last_sack_recv_ms_ago":3769.845586,"last_sack_recv_contig":231,"reorder_next_seq":2104,"reorder_pending":0,"gap_age_ms":0,"sacks_sent":221,"sack_send_errors":0,"last_sack_sent_ms_ago":3257.954123,"wedge_ticks":0,"wedges":0,"longest_wedge_ms":0}}]
4	[{"rg":49166,"recovery":{"write_seq":280,"retx_held":0,"retx_min_seq":0,"retx_max_seq":0,"retx_sent":9,"retx_skipped_missing":0,"retx_req_sack":4,"retx_req_hol":2,"retx_req_flush":0,"retx_send_errors":0,"tlp_probes":5,"sacks_recv":59,"last_sack_recv_ms_ago":4386.717231,"last_sack_recv_contig":279,"reorder_next_seq":2808,"reorder_pending":0,"gap_age_ms":0,"sacks_sent":282,"sack_send_errors":0,"last_sack_sent_ms_ago":4159.566182,"wedge_ticks":0,"wedges":0,"longest_wedge_ms":0}}]
5	[{"rg":49166,"recovery":{"write_seq":328,"retx_held":5,"retx_min_seq":321,"retx_max_seq":327,"retx_sent":11,"retx_skipped_missing":0,"retx_req_sack":4,"retx_req_hol":2,"retx_req_flush":0,"retx_send_errors":0,"tlp_probes":7,"sacks_recv":69,"last_sack_recv_ms_ago":701.704635,"last_sack_recv_contig":320,"reorder_next_seq":3496,"reorder_pending":0,"gap_age_ms":0,"sacks_sent":339,"sack_send_errors":0,"last_sack_sent_ms_ago":694.422438,"wedge_ticks":0,"wedges":0,"longest_wedge_ms":0}}]
6	[{"rg":49166,"recovery":{"write_seq":1160,"retx_held":0,"retx_min_seq":0,"retx_max_seq":0,"retx_sent":23,"retx_skipped_missing":0,"retx_req_sack":5,"retx_req_hol":13,"retx_req_flush":0,"retx_send_errors":0,"tlp_probes":8,"sacks_recv":212,"last_sack_recv_ms_ago":4588.075452,"last_sack_recv_contig":1159,"reorder_next_seq":3544,"reorder_pending":0,"gap_age_ms":0,"sacks_sent":349,"sack_send_errors":0,"last_sack_sent_ms_ago":4588.662127,"wedge_ticks":0,"wedges":0,"longest_wedge_ms":0}}]
7	[{"rg":49166,"recovery":{"write_seq":1880,"retx_held":0,"retx_min_seq":0,"retx_max_seq":0,"retx_sent":79,"retx_skipped_missing":0,"retx_req_sack":33,"retx_req_hol":42,"retx_req_flush":0,"retx_send_errors":0,"tlp_probes":9,"sacks_recv":318,"last_sack_recv_ms_ago":2394.30485,"last_sack_recv_contig":1879,"reorder_next_seq":3600,"reorder_pending":0,"gap_age_ms":0,"sacks_sent":360,"sack_send_errors":0,"last_sack_sent_ms_ago":2393.162224,"wedge_ticks":0,"wedges":0,"longest_wedge_ms":0}}]
8	[{"rg":49166,"recovery":{"write_seq":2584,"retx_held":8,"retx_min_seq":2576,"retx_max_seq":2583,"retx_sent":259,"retx_skipped_missing":0,"retx_req_sack":189,"retx_req_hol":68,"retx_req_flush":0,"retx_send_errors":0,"tlp_probes":9,"sacks_recv":412,"last_sack_recv_ms_ago":1999.679267,"last_sack_recv_contig":2575,"reorder_next_seq":3648,"reorder_pending":0,"gap_age_ms":0,"sacks_sent":369,"sack_send_errors":0,"last_sack_sent_ms_ago":1997.357358,"wedge_ticks":0,"wedges":0,"longest_wedge_ms":0}}]
9	[{"rg":49166,"recovery":{"write_seq":3312,"retx_held":0,"retx_min_seq":0,"retx_max_seq":0,"retx_sent":440,"retx_skipped_missing":0,"retx_req_sack":358,"retx_req_hol":83,"retx_req_flush":0,"retx_send_errors":0,"tlp_probes":9,"sacks_recv":476,"last_sack_recv_ms_ago":1698.29977,"last_sack_recv_contig":3311,"reorder_next_seq":3704,"reorder_pending":0,"gap_age_ms":0,"sacks_sent":381,"sack_send_errors":0,"last_sack_sent_ms_ago":1902.059924,"wedge_ticks":0,"wedges":0,"longest_wedge_ms":0}}]
10	[{"rg":49166,"recovery":{"write_seq":4080,"retx_held":0,"retx_min_seq":0,"retx_max_seq":0,"retx_sent":826,"retx_skipped_missing":0,"retx_req_sack":709,"retx_req_hol":120,"retx_req_flush":0,"retx_send_errors":0,"tlp_probes":10,"sacks_recv":583,"last_sack_recv_ms_ago":3982.88656,"last_sack_recv_contig":4079,"reorder_next_seq":3752,"reorder_pending":0,"gap_age_ms":0,"sacks_sent":393,"sack_send_errors":0,"last_sack_sent_ms_ago":4121.967048,"wedge_ticks":0,"wedges":0,"longest_wedge_ms":0}}]
11	[{"rg":49166,"recovery":{"write_seq":4168,"retx_held":0,"retx_min_seq":0,"retx_max_seq":0,"retx_sent":849,"retx_skipped_missing":0,"retx_req_sack":720,"retx_req_hol":131,"retx_req_flush":0,"retx_send_errors":0,"tlp_probes":18,"sacks_recv":609,"last_sack_recv_ms_ago":2151.657308,"last_sack_recv_contig":4167,"reorder_next_seq":7088,"reorder_pending":0,"gap_age_ms":0,"sacks_sent":1135,"sack_send_errors":0,"last_sack_sent_ms_ago":1921.149768,"wedge_ticks":0,"wedges":1,"longest_wedge_ms":499}}]
12	[{"rg":49166,"recovery":{"write_seq":4256,"retx_held":0,"retx_min_seq":0,"retx_max_seq":0,"retx_sent":855,"retx_skipped_missing":0,"retx_req_sack":725,"retx_req_hol":132,"retx_req_flush":0,"retx_send_errors":0,"tlp_probes":19,"sacks_recv":632,"last_sack_recv_ms_ago":1768.200648,"last_sack_recv_contig":4255,"reorder_next_seq":10520,"reorder_pending":0,"gap_age_ms":0,"sacks_sent":1574,"sack_send_errors":0,"last_sack_sent_ms_ago":1515.329627,"wedge_ticks":0,"wedges":1,"longest_wedge_ms":499}}]
13	[{"rg":49166,"recovery":{"write_seq":4344,"retx_held":0,"retx_min_seq":0,"retx_max_seq":0,"retx_sent":868,"retx_skipped_missing":0,"retx_req_sack":732,"retx_req_hol":140,"retx_req_flush":0,"retx_send_errors":0,"tlp_probes":21,"sacks_recv":661,"last_sack_recv_ms_ago":1281.513313,"last_sack_recv_contig":4343,"reorder_next_seq":13872,"reorder_pending":0,"gap_age_ms":0,"sacks_sent":1941,"sack_send_errors":0,"last_sack_sent_ms_ago":1152.129186,"wedge_ticks":0,"wedges":1,"longest_wedge_ms":499}}]
14	[{"rg":49166,"recovery":{"write_seq":4416,"retx_held":0,"retx_min_seq":0,"retx_max_seq":0,"retx_sent":874,"retx_skipped_missing":0,"retx_req_sack":736,"retx_req_hol":142,"retx_req_flush":0,"retx_send_errors":0,"tlp_probes":23,"sacks_recv":681,"last_sack_recv_ms_ago":1046.668894,"last_sack_recv_contig":4415,"reorder_next_seq":17272,"reorder_pending":0,"gap_age_ms":0,"sacks_sent":2236,"sack_send_errors":0,"last_sack_sent_ms_ago":1203.732996,"wedge_ticks":0,"wedges":1,"longest_wedge_ms":499}}]
15	[{"rg":49166,"recovery":{"write_seq":4496,"retx_held":0,"retx_min_seq":0,"retx_max_seq":0,"retx_sent":879,"retx_skipped_missing":0,"retx_req_sack":739,"retx_req_hol":143,"retx_req_flush":0,"retx_send_errors":0,"tlp_probes":25,"sacks_recv":712,"last_sack_recv_ms_ago":1083.019791,"last_sack_recv_contig":4495,"reorder_next_seq":20688,"reorder_pending":0,"gap_age_ms":0,"sacks_sent":2589,"sack_send_errors":0,"last_sack_sent_ms_ago":948.137485,"wedge_ticks":0,"wedges":1,"longest_wedge_ms":499}}]
16	[{"rg":49166,"recovery":{"write_seq":7800,"retx_held":0,"retx_min_seq":0,"retx_max_seq":0,"retx_sent":2343,"retx_skipped_missing":0,"retx_req_sack":1937,"retx_req_hol":423,"retx_req_flush":0,"retx_send_errors":0,"tlp_probes":25,"sacks_recv":1412,"last_sack_recv_ms_ago":612.185864,"last_sack_recv_contig":7799,"reorder_next_seq":20776,"reorder_pending":0,"gap_age_ms":0,"sacks_sent":2613,"sack_send_errors":0,"last_sack_sent_ms_ago":1129.087964,"wedge_ticks":0,"wedges":1,"longest_wedge_ms":499}}]
17	[{"rg":49166,"recovery":{"write_seq":11168,"retx_held":0,"retx_min_seq":0,"retx_max_seq":0,"retx_sent":2663,"retx_skipped_missing":0,"retx_req_sack":2140,"retx_req_hol":556,"retx_req_flush":0,"retx_send_errors":0,"tlp_probes":25,"sacks_recv":1922,"last_sack_recv_ms_ago":1062.789724,"last_sack_recv_contig":11167,"reorder_next_seq":20864,"reorder_pending":0,"gap_age_ms":0,"sacks_sent":2635,"sack_send_errors":0,"last_sack_sent_ms_ago":1062.922737,"wedge_ticks":0,"wedges":1,"longest_wedge_ms":499}}]
18	[{"rg":49166,"recovery":{"write_seq":14536,"retx_held":0,"retx_min_seq":0,"retx_max_seq":0,"retx_sent":3580,"retx_skipped_missing":0,"retx_req_sack":2936,"retx_req_hol":680,"retx_req_flush":0,"retx_send_errors":0,"tlp_probes":25,"sacks_recv":2351,"last_sack_recv_ms_ago":1108.170249,"last_sack_recv_contig":14535,"reorder_next_seq":20952,"reorder_pending":0,"gap_age_ms":0,"sacks_sent":2662,"sack_send_errors":0,"last_sack_sent_ms_ago":1108.135526,"wedge_ticks":0,"wedges":1,"longest_wedge_ms":499}}]
19	[{"rg":49166,"recovery":{"write_seq":17864,"retx_held":0,"retx_min_seq":0,"retx_max_seq":0,"retx_sent":3580,"retx_skipped_missing":0,"retx_req_sack":2936,"retx_req_hol":680,"retx_req_flush":0,"retx_send_errors":0,"tlp_probes":25,"sacks_recv":2572,"last_sack_recv_ms_ago":1104.064411,"last_sack_recv_contig":17863,"reorder_next_seq":21040,"reorder_pending":0,"gap_age_ms":0,"sacks_sent":2681,"sack_send_errors":0,"last_sack_sent_ms_ago":1095.552987,"wedge_ticks":0,"wedges":1,"longest_wedge_ms":499}}]
20	[{"rg":49166,"recovery":{"write_seq":21168,"retx_held":0,"retx_min_seq":0,"retx_max_seq":0,"retx_sent":3606,"retx_skipped_missing":0,"retx_req_sack":2936,"retx_req_hol":706,"retx_req_flush":0,"retx_send_errors":0,"tlp_probes":25,"sacks_recv":2806,"last_sack_recv_ms_ago":860.988742,"last_sack_recv_contig":21167,"reorder_next_seq":21121,"reorder_pending":0,"gap_age_ms":0,"sacks_sent":2697,"sack_send_errors":0,"last_sack_sent_ms_ago":1008.626331,"wedge_ticks":0,"wedges":1,"longest_wedge_ms":499}}]
# exit	[{"rg":49166,"recovery":{"write_seq":21121,"retx_held":0,"retx_min_seq":0,"retx_max_seq":0,"retx_sent":29360,"retx_skipped_missing":0,"retx_req_sack":26801,"retx_req_hol":2719,"retx_req_flush":0,"retx_send_errors":0,"tlp_probes":18,"sacks_recv":2697,"last_sack_recv_ms_ago":2200.034872,"last_sack_recv_contig":21120,"reorder_next_seq":21168,"reorder_pending":0,"gap_age_ms":0,"sacks_sent":2806,"sack_send_errors":0,"last_sack_sent_ms_ago":2204.557206,"wedge_ticks":0,"wedges":2,"longest_wedge_ms":499}}]
