1	[{"rg":49169,"recovery":{"write_seq":47,"retx_held":0,"retx_min_seq":0,"retx_max_seq":0,"retx_sent":3,"retx_skipped_missing":0,"retx_req_sack":0,"retx_req_hol":0,"retx_req_flush":0,"retx_send_errors":0,"send_window_waits":0,"send_window_timeouts":0,"tlp_probes":3,"sacks_recv":24,"last_sack_recv_ms_ago":1330.037532,"last_sack_recv_contig":46,"reorder_next_seq":694,"reorder_pending":0,"reorder_drops":0,"gap_age_ms":0,"sacks_sent":148,"sack_send_errors":0,"last_sack_sent_ms_ago":1329.933544,"wedge_ticks":0,"wedges":1,"longest_wedge_ms":498}}]
2	[{"rg":49169,"recovery":{"write_seq":56,"retx_held":0,"retx_min_seq":0,"retx_max_seq":0,"retx_sent":3,"retx_skipped_missing":0,"retx_req_sack":0,"retx_req_hol":0,"retx_req_flush":0,"retx_send_errors":0,"send_window_waits":0,"send_window_timeouts":0,"tlp_probes":3,"sacks_recv":30,"last_sack_recv_ms_ago":2107.505559,"last_sack_recv_contig":55,"reorder_next_seq":1318,"reorder_pending":0,"reorder_drops":0,"gap_age_ms":0,"sacks_sent":181,"sack_send_errors":0,"last_sack_sent_ms_ago":2107.368267,"wedge_ticks":0,"wedges":1,"longest_wedge_ms":498}}]
3	[{"rg":49169,"recovery":{"write_seq":67,"retx_held":0,"retx_min_seq":0,"retx_max_seq":0,"retx_sent":4,"retx_skipped_missing":0,"retx_req_sack":0,"retx_req_hol":0,"retx_req_flush":0,"retx_send_errors":0,"send_window_waits":0,"send_window_timeouts":0,"tlp_probes":4,"sacks_recv":37,"last_sack_recv_ms_ago":1573.056727,"last_sack_recv_contig":66,"reorder_next_seq":1944,"reorder_pending":0,"reorder_drops":0,"gap_age_ms":0,"sacks_sent":223,"sack_send_errors":0,"last_sack_sent_ms_ago":1573.441432,"wedge_ticks":0,"wedges":1,"longest_wedge_ms":498}}]
4	[{"rg":49169,"recovery":{"write_seq":77,"retx_held":0,"retx_min_seq":0,"retx_max_seq":0,"retx_sent":5,"retx_skipped_missing":0,"retx_req_sack":0,"retx_req_hol":0,"retx_req_flush":0,"retx_send_errors":0,"send_window_waits":0,"send_window_timeouts":0,"tlp_probes":5,"sacks_recv":43,"last_sack_recv_ms_ago":2093.847683,"last_sack_recv_contig":76,"reorder_next_seq":2565,"reorder_pending":0,"reorder_drops":0,"gap_age_ms":0,"sacks_sent":263,"sack_send_errors":0,"last_sack_sent_ms_ago":2090.447584,"wedge_ticks":0,"wedges":1,"longest_wedge_ms":498}}]
5	[{"rg":49169,"recovery":{"write_seq":88,"retx_held":0,"retx_min_seq":0,"retx_max_seq":0,"retx_sent":6,"retx_skipped_missing":0,"retx_req_sack":0,"retx_req_hol":0,"retx_req_flush":0,"retx_send_errors":0,"send_window_waits":0,"send_window_timeouts":0,"tlp_probes":6,"sacks_recv":50,"last_sack_recv_ms_ago":550.302593,"last_sack_recv_contig":87,"reorder_next_seq":3191,"reorder_pending":0,"reorder_drops":0,"gap_age_ms":0,"sacks_sent":295,"sack_send_errors":0,"last_sack_sent_ms_ago":546.958929,"wedge_ticks":0,"wedges":1,"longest_wedge_ms":498}}]
6	[{"rg":49169,"recovery":{"write_seq":755,"retx_held":0,"retx_min_seq":0,"retx_max_seq":0,"retx_sent":6,"retx_skipped_missing":0,"retx_req_sack":0,"retx_req_hol":0,"retx_req_flush":0,"retx_send_errors":0,"send_window_waits":4,"send_window_timeouts":1,"tlp_probes":6,"sacks_recv":69,"last_sack_recv_ms_ago":1263.195306,"last_sack_recv_contig":754,"reorder_next_seq":3205,"reorder_pending":0,"reorder_drops":0,"gap_age_ms":0,"sacks_sent":302,"sack_send_errors":0,"last_sack_sent_ms_ago":1263.143546,"wedge_ticks":0,"wedges":1,"longest_wedge_ms":498}}]
7	[{"rg":49169,"recovery":{"write_seq":1393,"retx_held":0,"retx_min_seq":0,"retx_max_seq":0,"retx_sent":6,"retx_skipped_missing":0,"retx_req_sack":0,"retx_req_hol":0,"retx_req_flush":0,"retx_send_errors":0,"send_window_waits":14,"send_window_timeouts":2,"tlp_probes":6,"sacks_recv":88,"last_sack_recv_ms_ago":2004.131828,"last_sack_recv_contig":1392,"reorder_next_seq":3218,"reorder_pending":0,"reorder_drops":0,"gap_age_ms":0,"sacks_sent":309,"sack_send_errors":0,"last_sack_sent_ms_ago":2004.183721,"wedge_ticks":0,"wedges":1,"longest_wedge_ms":498}}]
8	[{"rg":49169,"recovery":{"write_seq":2056,"retx_held":0,"retx_min_seq":0,"retx_max_seq":0,"retx_sent":6,"retx_skipped_missing":0,"retx_req_sack":0,"retx_req_hol":0,"retx_req_flush":0,"retx_send_errors":0,"send_window_waits":28,"send_window_timeouts":3,"tlp_probes":6,"sacks_recv":107,"last_sack_recv_ms_ago":1559.615107,"last_sack_recv_contig":2055,"reorder_next_seq":3232,"reorder_pending":0,"reorder_drops":0,"gap_age_ms":0,"sacks_sent":315,"sack_send_errors":0,"last_sack_sent_ms_ago":1558.505692,"wedge_ticks":0,"wedges":1,"longest_wedge_ms":498}}]
9	[{"rg":49169,"recovery":{"write_seq":2072,"retx_held":0,"retx_min_seq":0,"retx_max_seq":0,"retx_sent":8,"retx_skipped_missing":0,"retx_req_sack":0,"retx_req_hol":0,"retx_req_flush":0,"retx_send_errors":0,"send_window_waits":28,"send_window_timeouts":3,"tlp_probes":8,"sacks_recv":120,"last_sack_recv_ms_ago":1204.083736,"last_sack_recv_contig":2071,"reorder_next_seq":6299,"reorder_pending":0,"reorder_drops":0,"gap_age_ms":0,"sacks_sent":423,"sack_send_errors":0,"last_sack_sent_ms_ago":1203.997736,"wedge_ticks":0,"wedges":1,"longest_wedge_ms":498}}]
10	[{"rg":49169,"recovery":{"write_seq":2091,"retx_held":1,"retx_min_seq":2090,"retx_max_seq":2090,"retx_sent":8,"retx_skipped_missing":0,"retx_req_sack":0,"retx_req_hol":0,"retx_req_flush":0,"retx_send_errors":0,"send_window_waits":28,"send_window_timeouts":3,"tlp_probes":8,"sacks_recv":133,"last_sack_recv_ms_ago":1067.022983,"last_sack_recv_contig":2089,"reorder_next_seq":9369,"reorder_pending":0,"reorder_drops":0,"gap_age_ms":0,"sacks_sent":689,"sack_send_errors":0,"last_sack_sent_ms_ago":1244.557712,"wedge_ticks":0,"wedges":2,"longest_wedge_ms":499}}]
11	[{"rg":49169,"recovery":{"write_seq":2110,"retx_held":0,"retx_min_seq":0,"retx_max_seq":0,"retx_sent":10,"retx_skipped_missing":0,"retx_req_sack":0,"retx_req_hol":0,"retx_req_flush":0,"retx_send_errors":0,"send_window_waits":28,"send_window_timeouts":3,"tlp_probes":10,"sacks_recv":146,"last_sack_recv_ms_ago":2425.789724,"last_sack_recv_contig":2109,"reorder_next_seq":12443,"reorder_pending":0,"reorder_drops":0,"gap_age_ms":0,"sacks_sent":955,"sack_send_errors":0,"last_sack_sent_ms_ago":1657.827764,"wedge_ticks":0,"wedges":2,"longest_wedge_ms":499}}]
12	[{"rg":49169,"recovery":{"write_seq":2127,"retx_held":0,"retx_min_seq":0,"retx_max_seq":0,"retx_sent":12,"retx_skipped_missing":0,"retx_req_sack":0,"retx_req_hol":0,"retx_req_flush":0,"retx_send_errors":0,"send_window_waits":28,"send_window_timeouts":3,"tlp_probes":12,"sacks_recv":158,"last_sack_recv_ms_ago":2166.379229,"last_sack_recv_contig":2126,"reorder_next_seq":15513,"reorder_pending":0,"reorder_drops":0,"gap_age_ms":0,"sacks_sent":1134,"sack_send_errors":0,"last_sack_sent_ms_ago":2165.812426,"wedge_ticks":0,"wedges":2,"longest_wedge_ms":499}}]
13	[{"rg":49169,"recovery":{"write_seq":2144,"retx_held":0,"retx_min_seq":0,"retx_max_seq":0,"retx_sent":14,"retx_skipped_missing":0,"retx_req_sack":0,"retx_req_hol":0,"retx_req_flush":0,"retx_send_errors":0,"send_window_waits":28,"send_window_timeouts":3,"tlp_probes":14,"sacks_recv":171,"last_sack_recv_ms_ago":2426.775025,"last_sack_recv_contig":2143,"reorder_next_seq":18581,"reorder_pending":0,"reorder_drops":0,"gap_age_ms":0,"sacks_sent":1279,"sack_send_errors":0,"last_sack_sent_ms_ago":2427.347844,"wedge_ticks":0,"wedges":2,"longest_wedge_ms":499}}]
14	[{"rg":49169,"recovery":{"write_seq":5306,"retx_held":0,"retx_min_seq":0,"retx_max_seq":0,"retx_sent":14,"retx_skipped_missing":0,"retx_req_sack":0,"retx_req_hol":0,"retx_req_flush":0,"retx_send_errors":0,"send_window_waits":39,"send_window_timeouts":4,"tlp_probes":14,"sacks_recv":225,"last_sack_recv_ms_ago":1561.023699,"last_sack_recv_contig":5305,"reorder_next_seq":18602,"reorder_pending":0,"reorder_drops":0,"gap_age_ms":0,"sacks_sent":1292,"sack_send_errors":0,"last_sack_sent_ms_ago":1560.904679,"wedge_ticks":0,"wedges":2,"longest_wedge_ms":499}}]
15	[{"rg":49169,"recovery":{"write_seq":8467,"retx_held":0,"retx_min_seq":0,"retx_max_seq":0,"retx_sent":14,"retx_skipped_missing":0,"retx_req_sack":0,"retx_req_hol":0,"retx_req_flush":0,"retx_send_errors":0,"send_window_waits":50,"send_window_timeouts":5,"tlp_probes":14,"sacks_recv":280,"last_sack_recv_ms_ago":850.217569,"last_sack_recv_contig":8466,"reorder_next_seq":18622,"reorder_pending":0,"reorder_drops":0,"gap_age_ms":0,"sacks_sent":1306,"sack_send_errors":0,"last_sack_sent_ms_ago":850.25036,"wedge_ticks":0,"wedges":2,"longest_wedge_ms":499}}]
16	[{"rg":49169,"recovery":{"write_seq":11529,"retx_held":0,"retx_min_seq":0,"retx_max_seq":0,"retx_sent":14,"retx_skipped_missing":0,"retx_req_sack":0,"retx_req_hol":0,"retx_req_flush":0,"retx_send_errors":0,"send_window_waits":63,"send_window_timeouts":6,"tlp_probes":14,"sacks_recv":333,"last_sack_recv_ms_ago":1782.619437,"last_sack_recv_contig":11528,"reorder_next_seq":18641,"reorder_pending":0,"reorder_drops":0,"gap_age_ms":0,"sacks_sent":1320,"sack_send_errors":0,"last_sack_sent_ms_ago":1782.701028,"wedge_ticks":0,"wedges":2,"longest_wedge_ms":499}}]
# exit	[{"rg":49169,"recovery":{"write_seq":18644,"retx_held":0,"retx_min_seq":0,"retx_max_seq":0,"retx_sent":4425,"retx_skipped_missing":0,"retx_req_sack":3349,"retx_req_hol":1127,"retx_req_flush":0,"retx_deferred_young":16029,"retx_send_errors":0,"send_window_waits":207,"send_window_timeouts":36,"tlp_probes":5,"sacks_recv":1322,"last_sack_recv_ms_ago":2724.854494,"last_sack_recv_contig":18643,"reorder_next_seq":11532,"reorder_pending":0,"reorder_drops":0,"gap_age_ms":0,"sacks_sent":335,"sack_send_errors":0,"last_sack_sent_ms_ago":2852.916656,"wedge_ticks":0,"wedges":0,"longest_wedge_ms":0},"legs":[{"tp":"dc5330cf","standby":false,"retransmits":51,"dup_bytes":250,"ack_delay_ms":0,"sent_bytes":200543678,"sent_packets":12407,"recv_bytes":180303964,"recv_packets":11545},{"tp":"57c570d9","standby":false,"retransmits":4374,"dup_bytes":0,"ack_delay_ms":222.067469,"sent_bytes":173787710,"sent_packets":10662,"recv_bytes":0,"recv_packets":0}]}]
